nama_bandara,latitude,longitude,airport_code
Pantar Kabir Airport,-8.244832,124.219108,AXO
Nop Goliat Dekai Airport,-4.8557,139.482006,DEX
Pulau Panjang Airport,-5.644444,106.5625,PPJ
Okpahik Airstrip,-4.697855,140.770547,ID-0004
Ketapang Airport,-6.899862766265869,113.28289031982422,ID-0005
Notohadinegoro Airport,-8.242494,113.693476,JBB
Berau Airport,2.16350007057,117.68699646,ID-0008
Jatiwangi Airport,-6.678375,108.252219444,ID-0010
Banyuwangi International Airport,-8.31015,114.3401,BWX
Lasondre Airport,-0.01924,98.30097,ID-0012
Letkol Wisnu Airstrip,-8.14055555556,114.616666667,ID-0013
Aboge Airstrip,-6.0634,139.267,ID-0022
Aboyi Airstrip,-4.288741,140.640664,ID-0023
Amazu Airstrip,-5.6119,139.6234,ID-0024
Ambisibil Airstrip,-4.6712,140.5746,ID-0025
Angguruk Airstrip,-4.200167,139.432554,ID-0026
Arsbol Airstrip,-3.6941,138.9372,ID-0027
Bentiang Airstrip,0.9196,109.9155,ID-0028
Beoga Airport,-3.8165,137.4252,ID-0029
Bime Airstrip,-4.48558,140.219843,ID-0030
Diphikin Airstrip,-4.725525,140.792284,ID-0031
Binuang Airstrip,3.7147,115.8517,ID-0032
Biri Airstrip,-2.87793,137.76816,ID-0033
Bomela Airport,-4.693634,139.912707,ID-0034
Bomoani Airstrip,-3.960942,135.939631,ID-0035
Borme Airstrip,-4.394362,140.436348,ID-0036
Buduk Kabul Airstrip,3.7978,115.7065,ID-0037
Bugalaga Airstrip,-3.6235,136.5963,ID-0038
Comoro Airstrip,-5.926349,138.631461,ID-0040
Dagai Airport,-3.305757,137.94366,ID-0041
Datah Dian Airstrip,2.0062,115.152,ID-0042
Daufo Airfield,-3.1737,137.2544,ID-0043
Derapos Airstrip,-2.9737,137.2234,ID-0044
Dou Airstrip,-3.2625,138.1484,ID-0045
Doyo Baru Airport,-2.538781,140.464293,ID-0046
Eaopoto Airstrip,-3.9497,136.3383,ID-0047
Engkadik Airstrip,0.9797,110.0282,ID-0048
Eri Airstrip,-2.6308,138.1094,ID-0049
Faowi Airstrip,-3.2301,137.7262,ID-0050
Foao Airstrip,-3.066,139.099,ID-0052
Fruata Airstrip,-2.9858,133.5001,ID-0053
Geyarek Airstrip,-4.650391,138.752389,ID-0054
Gilgal Airstrip,0.458,111.0707,ID-0055
Gusimawa Airstrip,-3.0423,133.8779,ID-0056
Haya Airstrip,-2.8156,138.1099,ID-0057
Hing Airstrip,-1.233,133.9478,ID-0058
Hitadipa Airport,-3.734325,137.116992,ID-0059
Holuwon Airstrip,-4.480541,139.273998,ID-0060
Hubliki Airstrip,-3.732237,139.286263,ID-0061
Hulu Atas Airstrip,-3.6799,140.22955,ID-0062
Ibele Airstrip,-4.052,138.796,ID-0063
Kaiy Airstrip,-2.9871,138.1062,ID-0064
Illaga III Airport,-3.9993,137.65317,ID-0066
Ilugwa/Antara Airport,-3.835894,138.921683,ID-0067
Iratoi Airstrip,-3.2389,137.3339,ID-0068
Iray Airstrip,-1.3297,133.9115,ID-0069
Iwur Airstrip,-5.139139,140.717638,ID-0070
Jila Airstrip,-4.24677,137.59563,ID-0071
Jita Airstrip,-4.8564,137.7019,ID-0072
Kanggime Airstrip,-3.665978,138.361559,ID-0073
Kasonaweja Airstrip,-2.3007,138.0327,ID-0074
Kaure  Airstrip,-3.469809,140.362085,ID-0075
Kedembak Airstrip,0.5906,111.302,ID-0076
Kelansam Airstrip,0.1228,111.4197,ID-0077
Keneyan Airstrip,-4.5995,138.3844,ID-0078
Kerapak Airstrip,0.0939,111.9083,ID-0079
Kiwi Airstrip,-4.697841,140.722425,ID-0080
Kobagma Airport,-3.666539,139.058758,ID-0081
Komopa Airstrip,-3.7998,136.4775,ID-0082
Koropun Airstrip,-4.479226,139.649894,ID-0083
Kuala Kurun,-1.1277,113.8746,ID-0084
Kuala Randau Airstrip,-0.5824,110.4728,ID-0085
Kustera Airstrip,-2.7467,137.92,ID-0086
Kwerba Airstrip,-2.6434,138.4087,ID-0087
Kwijawagi,-4.0256,138.2046,ID-0088
Lake Holmes Airstrip,-2.4716,137.9879,ID-0089
Landikma Airstrip,-3.8212,139.2423,ID-0090
Langda Airstrip,-4.6785,139.9745,ID-0091
Lokok Airstrip,1.0215,110.0505,ID-0092
Long Alango Airstrip,2.9304,115.8512,ID-0093
Long Rungan,3.5994,115.8418,ID-0094
Long Segar Airstrip,0.7981,116.8157,ID-0095
Luban Airstrip,-4.213917,140.559755,ID-0096
Lumbis Airstrip,4.3038,116.2175,ID-0097
Madya Raya Airstrip,-0.865,111.6637,ID-0098
Magoda Airstrip,-3.9906,135.8532,ID-0099
Oklip Airstrip,-4.762095,140.780554,ID-0100
Nalca Airstrip,-4.3636,139.8351,ID-0101
Nanga Labang Airstrip,0.228,111.65084,ID-0102
Nanga Mawong Airstrip,-0.4322,112.3271,ID-0103
Nanga Merakai Airstrip,0.7024,111.5225,ID-0104
Nanga Nyabu Airstrip,1.0152,112.714,ID-0105
Nanga Ruan Airstrip,0.6283,113.1753,ID-0106
Nenei Airstrip,-1.492,133.9956,ID-0107
Nain Baru Airstrip,1.4032,115.3267,ID-0108
Nania Airstrip,-4.362913,139.30244,ID-0109
Nipsan Airstrip,-4.116755,139.647303,ID-0110
Okyap Airstrip,-4.743448,140.848267,ID-0111
Omban Airstrip,-4.368741,140.392535,ID-0112
Onondowa/Rampi Airport,-2.1254,120.2967,ID-0113
Padang Pagai Airstrip,-2.857831,100.214446,ID-0114
Pagai Airstrip,-3.5362,139.7826,ID-0115
Panggema/Hasan Airport,-4.135396,139.377151,ID-0116
Papasena Airstrip,-2.915,138.5876,ID-0117
Pass Valley Airstrip,-3.85876,139.100268,ID-0118
Piramid Airstrip,-3.901493,138.764276,ID-0119
Pit River Airstrip,-3.9819,138.5338,ID-0120
Pogapa Airstrip,-3.752,136.8457,ID-0121
Polimo Airstrip,-4.219223,139.034607,ID-0122
Poga Airstrip,-3.801567,138.587449,ID-0123
Prongkoli Airstrip,-4.188308,139.342232,ID-0124
Puldamat Airstrip,-4.3196,139.8704,ID-0126
Rantau Prapat/Padang Halaban Airport,2.3154,99.8277,ID-0127
Riam Sejawak Airstrip,0.9717,111.0994,ID-0128
Ros Bori Airstrip,-1.6586,136.102,ID-0129
Samboka Airstrip,-4.836839,139.714615,ID-0130
Sape Airstrip,-4.7655,140.5054,ID-0131
Sela Airstrip,-4.550661,139.734453,ID-0133
Seradala Airstrip,-4.9797,139.9035,ID-0134
Serimbu Airstrip,0.741,110.123,ID-0135
Serukam,0.797,109.3317,ID-0136
Sikari Airstrip,-2.7616,138.3859,ID-0137
Silimo Airstrip,-4.466012,138.943062,ID-0138
Syekh Hamzah Fansyuri Airport,2.2695,97.9666,ID-0139
Siriwo Airstrip,-3.5388,135.948971,ID-0141
Soba Airstrip,-4.345427,139.179196,ID-0142
Sumo Airstrip,-4.750469,139.353338,ID-0143
Sumtamon Airstrip,-4.8083,140.1715,ID-0144
Sungai Tontang Airstrip,-0.731052,110.376967,ID-0145
Taige Airstrip,-1.3105,133.8517,ID-0148
Taiyeve Airstrip,-3.2331,138.4458,ID-0149
Takar Airstrip,-2.0375,139.113,ID-0150
Tangma Airstrip,-4.25981,139.046631,ID-0151
Tanjung Maju Airstrip,-0.7102,110.4991,ID-0152
Tayayi Airstrip,-3.0447,137.6217,ID-0153
Testega Airstrip,-1.378076,133.594204,ID-0154
Timepa Airstrip,-4.0047,135.7872,ID-0155
Turmo Airstrip,-3.273581,137.558,ID-0156
Waff Airstrip,-2.3307,138.7489,ID-0157
Walerek Airstrip,-3.993361,139.491977,ID-0158
Walma Airstrip,-4.217782,139.393555,ID-0159
Wandama Airstrip,-4.5472,138.55225,ID-0160
Wanggemalu Airstrip,-5.4974,139.9783,ID-0161
Wolo Airstrip,-3.8505,138.8603,ID-0162
Wunin Airstrip,-3.650771,138.554313,ID-0163
Yaniruma Airstrip,-5.4206,139.8197,ID-0164
Yapil Airstrip,-4.540447,140.565691,ID-0165
Yigi Airstrip,-4.228468,138.393778,ID-0166
Yogosem Airstrip,-4.247695,139.168977,ID-0167
Alama Airstrip,-4.2631,137.892387,ID-0168
Bawean - Harun Thohir Airport,-5.723628,112.678889,BXW
Aideralma Airstrip,-4.3341,137.8316,ID-0171
Enggano Airport,-5.305621,102.189546,ID-0172
Apowo Airstrip,-4.063248,135.560018,ID-0173
Aurimi Wzil Airstrip,-2.182,138.4343,ID-0174
Bareri Airport,-2.981793,137.782715,ID-0175
Bari Airport,-3.959166,139.901563,ID-0176
Basiem Airport,-6.058573,138.383542,ID-0177
Awimbon Airstrip,-5.165884,140.381568,ID-0178
Anik Airstrip,0.537465,109.742062,ID-0179
Yaosakor Airstrip,-5.603899,138.46525,ID-0180
Weda Bay Airport,0.468328,127.945101,ID-0181
Tanjung Lesung Airport,-6.49155,105.66967,ID-0186
Sorake Airport,0.58884,97.71899,ID-0190
Tambling Airport,-5.92113,104.55816,ID-0191
Kubibkop Airport,-4.79436,140.69447,ID-0193
Korowai Batu Danowage Airport,-5.2127,140.017582,ID-0194
Molding Airstrip,-4.891004,140.74213,ID-0195
Tarup Airstrip,-5.097671,140.821627,ID-0196
Tinibil Airstrip,-4.824475,140.87378,ID-0197
Denom Airstrip,-5.144915,140.967065,ID-0198
Okbab Airstrip,-4.586015,140.499844,ID-0199
Alemson Airstrip,-4.816571,140.222819,ID-0200
Kotyobakon Airstrip,-4.638376,140.654907,ID-0201
Mipol Airstrip,-4.605771,140.634806,ID-0202
Binban Airstrip,-4.585309,140.533962,ID-0203
Kaklup Airstrip,-4.620771,140.531688,ID-0204
Maksum Airstrip,-4.58066,140.515995,ID-0205
Maksum Airstrip,-4.632613,140.497466,ID-0206
Pedam Airstrip,-4.539485,140.462018,ID-0207
Dumpasik Airstrip,-4.455194,140.508871,ID-0208
Bordamban Airport,-4.439924,140.484527,ID-0209
Kirimu Airstrip,-4.464786,140.393016,ID-0210
Hangmata Airstrip,-4.49226,140.657322,ID-0211
Blangkejeren Airport,3.94548,97.35968,GYO
Bobkamu Airstrip,-4.463818,140.262414,ID-0215
Weime Airstrip,-4.354141,140.260381,ID-0216
Tumdungbon Airstrip,-5.179406,140.520099,ID-0217
Kawor Airstrip,-5.232712,140.519992,ID-0218
Dewok Airport,-5.278326,140.681963,ID-0219
Manggelum Airport,-5.416371,140.436231,ID-0220
Begowre Airstrip,-2.982106,140.925279,ID-0222
Ideduna Airstrip,-3.961954,135.482025,ID-0223
Bias Airstrip,-3.999569,140.82041,ID-0224
Walibaru Airstrip,-5.39973,140.198652,ID-0225
Taria Airstrip,-3.410527,138.895308,ID-0226
Dadou Airstrip,-3.686435,136.063217,ID-0227
Daboto Airstrip,-3.295335,136.408213,ID-0228
Zotadi Airstrip,-3.67449,136.56833,ID-0229
Pagamba Airstrip,-3.64307,136.67854,ID-0230
Supugi Airstrip,-4.328303,139.098995,ID-0233
Grati Airport,-7.67253,113.03682,ID-0237
Pasirian Airfield,-8.27881,113.21208,ID-0240
Citeurup Paraglider Airport,-6.50814,106.87836,ID-0242
Lido Airstrip,-6.75333,106.81171,ID-0243
Cikembar Airport,-6.96924,106.78866,ID-0244
Asua Airport,-4.686881,140.789845,ID-0246
Mewengde Airstrip,-4.820969,140.237545,ID-0247
Eragayam Airport,-3.733891,138.747881,ID-0248
Mamit Airstrip,-3.589005,138.396857,ID-0249
Yobesorum Airstrip,-4.285211,140.026433,ID-0250
Bolakna Airstrip,-4.23424,140.000619,ID-0251
Baya Biru Airport,-3.618606,136.267033,ID-0255
Supleyu Airstrip,-4.43285,140.16682,ID-0256
Tanime Airstrip,-4.45145,140.13042,ID-0257
Suaka Airstrip,-4.464786,140.099008,ID-0258
Eipomek Airstrip,-4.45584,140.02531,ID-0259
Famek Airstrip,-4.425722,140.021954,ID-0260
Soya Airstrip,-4.37183,139.91673,ID-0261
Aksal Airstrip,-4.34395,139.88754,ID-0262
Kalbok Airstrip,-4.30181,139.80474,ID-0263
Kono Airstrip,-4.275826,139.735794,ID-0264
Trison Airstrip,-4.26309,139.68456,ID-0265
Muhumu Airstrip,-4.21977,139.41273,ID-0266
Waniyok Airport,-4.21672,139.42436,ID-0267
Asotipo Airstrip,-4.17695,138.99303,ID-0268
Basir Airstrip,-4.372814,140.69684,ID-0269
Milki Airstrip,-4.097372,140.711331,ID-0270
Dulis Airstrip,-4.077257,140.661553,ID-0271
Kobok Airport,1.10189,127.703003,ID-0273
Sangia Nibandera Airport,-4.338158,121.524047,KXB
Kediri Airport (Under Construction),-7.750278,111.947222,ID-0277
Yabirik Airstripe,-4.455186,138.823079,ID-0278
Helariki Airstrip,-4.176059,139.439353,ID-0279
Samenage Airstrip,-4.395446,139.030167,ID-0280
Wakbisik Airstrip,-4.349896,139.211615,ID-0281
Owitlep Airstrip,-4.314543,139.329624,ID-0282
Apalapsili Airport,-3.882495,139.310932,AAS
Anggi Airport,-1.3858,133.8737,AGD
Mina Wanam Airport,-7.540726,139.110916,ID-AHI
Gunung Batin Airport,-4.61113977432251,105.23200225830078,AKQ
Ayawasi Airport,-1.159779,132.464082,AYW
Boalang Airport,-0.9728959798812866,122.1449966430664,BJG
Batom Airport,-4.442687,140.883565,BXM
Dabra Airport,-3.27061,138.613433,DRH
Elelim Airport,-3.785922,139.384497,ELR
Ewer Asmat Airport,-5.496185,138.078361,EWE
Gag Island Airport,-0.4005559980869293,129.89500427246094,GAV
Ilu Airport,-3.7051,138.2002,IUL
Karubaga Airport,-3.684615,138.479018,KBF
Kambuaya Airport,-1.316815,132.286987,KBX
Kamur Airport,-6.1851,138.6372,KCD
Kotabangun Airport,-0.266669988632,116.583335876,KOD
Departi Parbo Airport,-2.093,101.4683,KRC
Kelila Airport,-3.728968,138.710117,LLN
Lembata Wonopito Airport,-8.36119,123.43879,LWE
Lunyuk Airport,-8.9889,117.2158,LYK
Masalembo Airport,-5.583330154418945,114.43299865722656,MSI
Banaina Airport,2.72305011749,117.125999451,NAF
Obano Airport,-3.9106,136.2306,OBD
Unknown Airport,-0.63333,103.300003,ID-PPJ
Pomala Airport,-4.181013,121.614665,ID-PUM
Jenderal Besar Soedirman Airport,-7.461342,109.414612,PWL
Sugimanuru Airport,-4.763298,122.566352,RAQ
Rokot Airport,-0.949999988079071,100.75,RKI
Tumbang Samba Airport,-1.4694,113.0833,TBM
Tiom Airport,-3.9256,138.4555,TMY
Pagerungan Airport,-6.956610202789999,115.930999756,ID-WA19
Senggo Airport,-5.6908,139.3502,ZEG
Bilogai-Sugapa Airport,-3.739503,137.031183,UGU
Jos Orno Imsula Airport,-8.140402,127.908758,JIO
Blang Pidie Airport,3.735749,96.790109,KJX
Kimaam Airport,-7.9782,138.852005,KMM
Maleo Airport,-2.203333,121.660278,MOH
Sinak Airport,-3.822249,137.839208,NKD
Aru Airport,-6.57342004776001,134.14700317382812,WA1B
Maranggo Airport,-5.7645702362061,123.91699981689,TQQ
Hasanuddin International Airport,-5.06163,119.554001,UPG
Malimpung Airport,-3.7382,119.7502,WAAG
Makale Airport,-3.10935997963,119.856002808,WAAT
Frans Kaisiepo Airport,-1.19002,136.108002,BIK
Akimuga Airstrip,-4.6043,137.6576,WABC
Moanamani Airport,-4.00659,136.037704,ONI
Kornasoren Airfield,-0.935842,134.872298,FOO
Wagethe Airport,-4.05916,136.281715,WET
Nabire Airport,-3.368586,135.496702,NBX
Illaga Airport,-3.97648,137.6225,ILA
Kokonao Airport,-4.71075,136.43515,KOX
Mozes Kilangin Airport,-4.52978,136.887388,TIM
Enarotali Airport,-3.925739,136.378634,EWI
Waren Airport,-1.6285300254822,134.12399291992,WABW
Kebo Airstrip,-3.8248,136.385844,WABY
Selaparang Airport,-8.56056,116.095097,AMI
Sultan Muhammad Salahuddin Airport,-8.537184,118.685002,BMU
Ngurah Rai (Bali) International Airport,-8.74817,115.167,DPS
Lombok International Airport,-8.757792,116.275435,LOP
Sumbawa Besar Airport,-8.48904037475586,117.41200256347656,SWQ
Tambolaka Airport,-9.409224,119.242558,TMC
Umbu Mehang Kunda Airport,-9.66922,120.302002,WGP
Pitu Airport,2.04599,128.324997,OTI
Toraja Airport,-3.185833,119.91775,TRT
Bua - Palopo Lagaligo Airport,-3.082997,120.245018,LLO
Mutiara - SIS Al-Jufrie Airport,-0.916462,119.908647,PLW
Tampa Padang Airport,-2.590267,119.025364,MJU
Andi Jemma Airport,-2.55803,120.323997,MXB
Kasiguncu Airport,-1.41675,120.657997,PSJ
Tanjung Api Airport,-0.865437,121.628625,OJU
Syukuran Aminuddin Amir Airport,-1.035893,122.773934,LUW
Haji Muhammad Sidik Airport,-1.02581,114.92881,HMS
Seruyan Kuala Pembuang Airport,-3.376062,112.536521,KLP
Tjilik Riwut Airport,-2.22513,113.943001,PKY
Yogyakarta International Airport,-7.905338,110.057264,YIA
Tunggul Wulung Airport,-7.64506,109.033997,CXP
Dewadaru - Kemujan Island,-5.80091,110.47838,KWB
Bokondini Airport,-3.68455,138.677437,BUI
Wakde Airport,-1.935289978981018,139.02000427246094,WAJD
Mararena Sarmi Airport,-1.873077,138.753275,ZRM
Dortheys Hiyo Eluay International Airport,-2.579627,140.519857,DJJ
Kiwirok Airstrip,-4.713481,140.740271,WAJK
Lereh Airport,-3.0795,139.952,LHI
Mulia Airport,-3.701938,137.957,LII
Oksibil Airport,-4.9071,140.6277,OKL
Senggeh Airport,-3.442448,140.778079,SEH
Werur Airport,-0.420096,132.1886,WAJY
Mindiptana Airport,-5.876929,140.70946,MDP
Bade Airport,-7.175902,139.58333,BXD
Agats Airport,-5.543288,138.134911,WAKG
Mopah International Airport,-8.523898,140.419693,MKQ
Okaba Airport,-8.0946,139.7233,OKQ
Kepi Airport,-6.5418,139.3318,KEI
Tanah Merah Airport,-6.09669,140.303521,TMH
Melalan Airport,-0.203611,115.760002,GHS
Tanjung Harapan Airport,2.83583333333,117.373611111,TJS
Datadawai Airport,0.8106,114.5306,DTD
Kalimarau Airport,2.1555,117.431999,BEJ
Sultan Aji Muhammad Sulaiman Sepinggan International Airport,-1.268342,116.89452,BPN
Muara Badak Pujangan Airport,-0.306075006723,117.416000366,WALQ
Juwata International Airport / Suharnoko Harbani AFB,3.325145,117.564169,TRK
Aji Pangeran Tumenggung Pranoto International Airport,-0.374478,117.250128,AAP
Tanjung Santan Airport,-0.0929730013013,117.45300293,TSX
Bunyu Airport,3.45571994781,117.866996765,BYQ
Mangkajang Airport,2.00750994682,117.749000549,WALX
Gamarmalamo Airport,1.838330030441284,127.78600311279295,GLX
Kotamubagu/Mopait Airport,0.6835,124.2757,WAMB
Jailolo/Kuripasai Airport,1.1169999837875366,127.48300170898438,WAMD
Buli Airport,0.9194,128.3825,PGQ
Jalaluddin Airport,0.63711899519,122.849998474,GTO
Naha Airport,3.6832098960876474,125.52799987792967,NAH
Sultan Bantilan Airport,1.123428,120.793658,TLI
Gebe Airport,-0.0788889974355697,129.45799255371094,GEB
Kao Airport,1.1852799654006958,127.89600372314452,KAZ
Sam Ratulangi Airport,1.54926,124.926003,MDC
Melangguane Airport,4.00694,126.672997,MNA
Siau/Sitaro Airport,2.648591,125.423301,BRG
Sultan Babullah Airport,0.831012,127.381611,TTE
Wuasa Airport,-1.4249999523162842,120.31639099121094,WAMU
Buol Airport,1.1027,121.4141,UOL
Batu Licin Airport,-3.41241,115.995003,BTW
Mekar Putih Airport,-3.98991,116.101997,WAOH
Iskandar Airport,-2.7052,111.672997,PKN
Gusti Syamsir Alam Airport,-3.29472,116.165001,KBU
Warukin Airport,-2.21656,115.435997,TJG
Syamsudin Noor International Airport,-3.44236,114.763,BDJ
Sampit (Hasan) Airport,-2.499198,112.974987,SMQ
Teluk Kepayang Airport,-3.4203,115.6867,WAOT
"SANGGU Airport, Buntok",-1.6692999601364136,114.89800262451172,WAOU
Amahai Airport,-3.347851,128.927093,AHI
Bula Airport,-3.10996,130.509995,WAPB
Bandanaira Airport,-4.5214,129.9054,NDA
Rar Gwamar Airport,-5.77222013474,134.212005615,DOB
"Mangole Airport, Falabisahaya",-1.782255,125.482246,MAL
Karel Sadsuitubun Airport,-5.760278,132.759444,LUV
Namrole Airport,-3.85522,126.700902,NRE
Oesman Sadik Airport,-0.635259,127.501999,LAH
Saumlaki/Olilit Airport,-7.98861,131.306,WAPI
Nangasuri Airport,-6.06613,134.273971,BJK
Dumatubin Airport,-5.66162,132.731003,WAPL
Emalamo Sanana Airport,-2.100485,125.965548,SQN
Larat Airport,-7.1282,131.7673,WAPO
Pattimura International Airport,-3.71026,128.089005,AMQ
Namlea Airport,-3.237118,127.100294,NAM
Taliabu Island Airport,-1.6426299810409546,124.55899810791016,TAX
Wahai Airport,-2.8114,129.484,WBA
Robert Atty Bessing,3.575278,116.619722,LNU
Abdul Rachman Saleh Airport,-7.929099,112.714233,MLG
Ngloram Airport,-7.19484166667,111.548166667,CPF
Iswahyudi Airport,-7.615769863128662,111.43399810791016,WARI
Adisutjipto International Airport,-7.78818,110.431999,JOG
Adisumarmo International Airport,-7.516044,110.757492,SOC
Juanda International Airport,-7.37983,112.787003,SUB
Achmad Yani Airport,-6.970732,110.373244,SRG
Trunojoyo Airport,-7.0242,113.89023,SUP
Stenkol Airport,-2.1033,133.5164,NTI
Abresso Airport,-1.496771,134.175,RSK
Kebar Airport,-0.810418,133.054937,KEQ
Fakfak Airport,-2.920508,132.267011,FKQ
Inanwatan Airport,-2.127447,132.160056,INX
Kaimana Airport,-3.6446,133.695116,KNG
Merdei Airport,-1.591154,133.295867,RDE
Marinda Airport,-0.423056,130.773333,RJM
Babo Airport,-2.53224,133.438995,BXB
Rendani Airport,-0.891833,134.048996,MKW
Teminabuan Airport,-1.44545,132.021139,TXM
Wasior Airport,-2.721,134.5061,WSR
Bajawa Soa Airport,-8.707435,121.057427,BJW
Frans Xavier Seda Airport,-8.639514,122.238135,MOF
H. Hasan Aroeboesman (Ende) Airport,-8.849114,121.66101,ENE
Frans Sales Lega Airport,-8.596171,120.478177,RTG
Alor Island - Mali Airport,-8.13234,124.597,ARD
Komodo Airport,-8.480694,119.888306,LBJ
John Becker Airport,-8.015716,127.200179,WATQ
David Constantijn Saudale Airport,-10.7673,123.0747,RTI
Sabu-Tardanu Airport,-10.4924,121.8482,SAU
El Tari Airport,-10.1716,123.670998,KOE
Wamena Airport,-4.097324,138.952417,WMX
Betoambari Airport,-5.48688,122.569,BUW
Matahora Airport,-5.293996,123.634,WNI
Selayar - Haji Aroeppala Airport,-6.17921,120.437479,KSR
Soroako Airport,-2.530582,121.356096,SQR
Pongtiku Airport,-3.04474,119.821999,TTR
Haluoleo Airport,-4.08161,122.417999,KDI
Domine Eduard Osok Airport,-0.894,131.287,SOQ
Nusawiru Airport,-7.719895,108.488995,CJN
Batujajar Airport,-6.90386009216,107.475997925,WI1B
Rumpin Airport,-6.373219966888428,106.62200164794922,WI1C
Gading Wonosari Airport,-7.916590213775635,110.56400299072266,WI1G
Menggala Airport,-4.48943996429,105.217002869,WIAG
Semplak Atang Senjaya Airport,-6.540278,106.755278,WIAJ
Margahayu Airport,-6.98277997971,107.572998047,WIAK
Banyumas Airport,-6.464849948883057,105.96900177001952,WIAP
Sultan Syarif Kasim II International Airport / Roesmin Nurjadin AFB,0.458647,101.444321,PKU
Pinang Kampai Airport,1.609114,101.433492,DUM
Japura Airport,-0.352808,102.334999,RGT
Rokot Airport,-2.100349,99.704319,RKO
Sungai Pakning Bengkalis Airport,1.3700000047683716,102.13999938964844,SEQ
Sei Bati Airport,1.0527,103.3931,TJB
Kertajati International Airport,-6.648924,108.166692,KJT
Budiarto Airport,-6.293171,106.57,WICB
Husein Sastranegara International Airport,-6.90063,107.575996,BDO
Penggung Airport,-6.757,108.538849,CBN
Cibeureum Airport,-7.3466,108.246002,TSY
Hang Nadim International Airport,1.12103,104.119003,BTH
Pasir Pangaraan Airport,0.8454310297966003,100.37000274658205,PPR
Letung Airport,2.96447,105.75484,LMU
Matak Airport,3.34812,106.258003,MWK
Raja Haji Fisabilillah International Airport,0.922683000565,104.531997681,TNJ
Dabo Airport,-0.47918900847435,104.5790023803711,SIQ
Muko Muko Airport,-2.54186,101.087997,MPC
Halim Perdanakusuma International Airport,-6.266610145568848,106.89099884033205,HLP
Pondok Cabe Air Base,-6.336959838867188,106.76499938964844,PCB
Soekarno-Hatta International Airport,-6.1255698204,106.65599823,CGK
Kalijati Airport,-6.53139019012,107.658996582,WIIK
Radin Inten II International Airport,-5.246803,105.182531,TKG
Muhammad Taufiq Kiemas Airport,-5.211562,103.936501,TFY
Labuhan Bilik Airport,2.512900114059448,100.1790008544922,WIMA
Binaka Airport,1.16628,97.704327,GNS
Aek Godang Airport,1.4001,99.430496,AEG
Tabing Airport,-0.874989,100.351997,WIMG
Helvetia Airport,3.683059930801392,98.64420318603516,WIMH
Soewondo Air Force Base,3.558425,98.672275,MES
Kualanamu International Airport,3.637847,98.870566,KNO
Silangit Airport,2.25973,98.991898,DTB
Sibisa Airport,2.6666669845581,98.933334350586,SIW
Dr. Ferdinand Lumban Tobing Airport,1.557127,98.887145,FLZ
Tebing Tinggi Airport,3.3666670322418213,99.11666870117188,WIMT
Alas Leuser Airport,3.391456,97.863726,LSR
Bengkayang Airport,0.8333330154418945,109.48332977294922,WIOB
H A S Hanandjoeddin International Airport,-2.74572,107.754997,TJQ
Nanga Pinoh Airport,-0.34886899590492,111.74800109863,NPO
Singkawang Airport,1.0756800174713137,109.68800354003906,WIOI
Rahadi Osman Airport,-1.816845,109.963331,KTG
Ranai-Natuna Airport,3.90871,108.388,NTX
Supadio Airport,-0.150711,109.403999,PNK
Pangsuma Airport,0.8355780243873596,112.93699645996094,PSU
Sintang Airport,0.063851,111.473572,SQG
Sultan Thaha Airport,-1.63802,103.643997,DJB
Silampari Airport,-3.288165,102.91449,LLJ
Banding Agung Airport,-4.78702,103.932999,WIPD
Kuala Tungkal Airport,-0.8166670203208923,103.46666717529295,WIPF
Muara Bungo Airport,-1.1278,102.135,BUU
Depati Amir Airport,-2.1622,106.139,PGK
Fatmawati Soekarno Airport,-3.8637,102.338997,BKS
Gatot Subrato Airport,-4.391769886016846,104.4010009765625,WIPO
Sultan Mahmud Badaruddin II Airport,-2.897653,104.698147,PLM
Pendopo Airport,-3.2860701084136963,103.87999725341795,PDO
Minangkabau International Airport,-0.786917,100.280998,PDG
Bentayan Airport,-4.0225,103.379167,PXA
Teuku Cut Ali Airport,3.16904,97.288299,TPK
Maimun Saleh Airport,5.874668,95.33967,SBG
Cut Nyak Dhien Airport,4.040631,96.253538,MEQ
Lasikin Airport,2.410916,96.326766,WITG
Rembele Airport,4.72113,96.851943,TXE
Lhok Sukon Airport,5.069509983062744,97.25920104980467,LSX
Malikus Saleh Airport,5.226679801940918,96.95030212402344,LSW
Seumayam Airport,3.75,96.63333129882812,WITS
Sultan Iskandar Muda International Airport,5.522872024010001,95.42063713070002,BTJ
Mathilda Batlayeri Airport,-7.848354,131.337068,SXK
Buntok Airport,-1.73250997066,114.838996887,WRBU
AA Bere Tallo (Haliwen) Airport,-9.074841,124.903285,ABU
Mena Airport,-9.183889389038086,124.58916473388672,WRKJ
Larantuka Gewayentana Airport,-8.274424,123.002,LKA
Naikliu Airport,-9.49547004699707,123.79499816894533,WRKN
Sanggata/Sangkimah Airport,0.3847,117.543,SGQ
Long Bawan Airport,3.9028,115.6921,LBW
Bontang Airport,0.119691,117.474998,BXT
Nunukan Airport,4.13333333333,117.666666667,NNX
Tanah Grogot Airport,-1.885541,116.256809,TNB
Tanjung Bara Airport,0.5605,117.64435,WRLJ
Long Mawang Airport,1.7992,114.9043,WRLN
Long Apung Airport,1.704486,114.970297,LPU
Sangkulirang Airport,1.00089001656,117.996002197,WRLU
Muara Wahau Airport,1.1213,116.851,WRLW
Stevanus Rumbewas Airport,-1.82842,136.062402,ZRI
